Title,Netflix Score
Church Degree Yes,52
Subject Early Onto,54
Pressure Face Science,2
Decision Marriage Room,86
Evening Certainly Method,14
Suddenly Feeling Child,57
Apply Whole Do,75
Peace The Environment,48
Field Exactly Soldier,13
Civil Low Success,0
Subject Sense Official,71
Ball Traditional Still,86
Their Dark Down,82
Agreement Under Plan,66
Action Interview Join,56
Study Interesting Strong,0
Chair System Knowledge,60
Entire National Coach,43
Memory Local Four,23
Pressure Person Clearly,67
Article Young She,74
Different Include Oil,65
Computer Rock Suddenly,20
System Consumer Answer,6
Over Wish Hear,73
Ground Too Republican,43
Maybe Mission Attorney,36
Child Speak And,17
Professional North I,82
Every Really Wall,90
Industry Already Notice,11
Art Pay Degree,2
Message Election That,30
Anything Return Push,26
Hold Pressure Picture,81
Evidence Bank High,81
Clearly Point Quickly,15
Course Address Finish,19
Receive Whose Analysis,9
Sing Traditional Knowledge,21
Unit Three Person,23
Now Politics Build,51
Until Pull Parent,93
Discussion Fine Spend,50
Yourself Accept Without,42
Seat Spend Must,39
Space Push Institution,97
Network Director Receive,13
Glass Raise Cost,44
Thought Late Wear,75
Cause Commercial Morning,8
Leave Practice Mention,46
Throughout Pm Say,55
Leader Whole Thing,77
Mother Reflect Already,4
Industry Have Knowledge,66
After Offer Artist,51
Record Interview Type,3
Wonder Among Yeah,71
If Billion Summer,54
Yeah Deep Conference,50
Produce But Tough,34
Safe Together Pattern,60
They Game Arm,84
Meet Hear Reach,15
Political Financial Everybody,31
Follow Between Able,54
Region Happen Occur,53
Chair Step Explain,14
Yard Several Drug,97
Per Also Wonder,78
Attorney Season Group,10
Give Hot Effect,14
Painting According Land,0
Article Modern Road,22
Alone Growth War,31
Face Sort Spend,85
Drive Ten Which,54
Go Myself Summer,77
Professional Never Blood,44
Song Field Including,64
Bit Up Nor,86
Force Amount Change,79
Live State Trade,86
Computer Toward Character,70
City Assume Any,26
Control Actually The,95
Him Soldier Charge,60
Power Opportunity Old,50
Around Black Suggest,38
Bill Cover House,80
Brother Follow Step,70
Cultural Himself Gas,75
Hit Drive Military,47
Rest Understand Himself,77
Task White Where,85
Chair Energy Different,55
Apply Field Service,65
Least Effort Order,38
Hotel Stock Yet,38
Can Professor Then,1
Mention Ever Consumer,92
How Later Recent,33
Medical Analysis Serve,5
Local Plant Bad,81
Simply Among Some,55
Show Board With,91
Model Popular Radio,36
Happy Learn Pressure,87
Trial Add Measure,69
Mind Conference Here,35
Early Sense Time,51
Despite Recognize Us,62
Finish Draw Direction,62
Budget Perform Hard,30
Couple Market When,79
So Election Affect,78
Talk Church Matter,56
Blood Try Religious,54
Dog Industry Mouth,7
Democrat Leader Keep,14
Single Hit Put,52
Do Left Wind,81
Establish Fact Particular,33
Far Determine Television,40
Industry Market Deep,48
Can Use Stay,83
Fund Civil Although,65
Learn Should Court,55
Matter Condition Join,53
Them Force Capital,80
Movie Financial Able,85
Different Until Subject,80
Know Later Respond,74
Pm Manage Develop,20
Skill Indeed Form,86
Eye Hit Leave,21
Boy Figure Significant,65
Result Candidate Chance,77
Evening Pretty Name,2
School Base Church,53
Identify Decade Operation,84
Style Identify Keep,66
Person Them Any,18
Perhaps Air Treat,36
Service Very All,61
Never Pattern Bill,19
Stand Draw But,46
Science Follow Evidence,27
Course Significant Gas,25
Stay Support Hard,85
Discussion Environment More,70
Decide With Hundred,40
Firm Establish Career,41
Important Anyone Third,18
Cold Vote The,21
Allow Interview Stock,76
Involve Then Wide,86
Bring Accept Increase,71
Help Manage Involve,16
Example Teacher Whose,32
Put Those Modern,19
Interesting Over Culture,90
Leave Apply Student,72
Party Us Meeting,54
Business Idea Include,61
Late Age Themselves,3
Occur Surface Behind,95
Government Summer Mention,43
More Upon Better,8
Management Woman Operation,65
Environment Old Nature,96
People Interest Apply,69
May Audience Such,78
Drive Character Of,7
Action Perhaps Product,45
Party Trade Want,17
Pressure Run Vote,9
Project Statement Act,82
Approach Evidence Full,43
Human Break Loss,93
Also This Note,23
North Mention Though,58
Less Return We,73
Measure Structure Task,59
Fight Then Door,8
Major Piece Either,8
Guess Until Break,42
Note Heart New,26
You Court Value,22
Town Station Present,95
Particularly Pressure Onto,28
Blue World Offer,77
Spring May Leader,13
Perhaps Friend Prove,78
Religious Throw Building,80
Mention Money Energy,90
Look Story Right,30
Leave Tough Man,78
Be Charge Skin,91
Southern Forget Fill,91
Son Teacher Score,17
Nature Crime State,31
Article Billion Wife,98
Size Food Statement,59
Task Movement How,96
Large Front Able,26
Goal Be New,32
Physical Civil Work,35
Through Study Sport,15
Increase Step Foreign,63
Stay Show Night,46
System Exactly Language,53
Exactly Avoid Project,69
Together Learn Western,87
Current Their Mind,51
About Hit Similar,63
Member Less Paper,45
Already Cut Maybe,10
Hospital Against First,83
Finally Sign Radio,34
College Leave Above,79
Nice Form Strategy,31
Report Voice What,57
Child Rate Main,16
Result Contain Strong,5
Ago Help Officer,36
Entire Movie Central,83
Staff Hard Front,93
Recent Participant Turn,43
Side Report Mouth,18
Factor However Go,81
Sell Hair Player,42
Degree Which Per,55
Minute Realize Plant,9
Without Responsibility Throughout,72
Claim Month World,94
Learn Through Would,68
Seat Blood Foot,65
Address Cut Far,85
Benefit A Draw,52
Paper Those Law,77
Off Near Most,92
Husband Clearly Partner,88
My Bag Put,96
Moment Program Thing,48
City Leg Charge,1
Reduce Book Many,86
Say Tough Support,49
Billion He American,8
On Entire Including,3
Debate Role Child,43
Stuff Spring Whom,39
Marriage Line Other,98
Their Agent Feeling,26
Address This Fight,8
North Machine System,86
Reduce Theory Agree,48
Stuff This Increase,96
Media Behavior Action,84
Turn Business International,62
My West Early,22
Source Read Ten,30
Toward Base Allow,38
Behavior South Again,26
Space Song Another,87
Result Top Kind,67
Good Light Believe,60
Seek Well Total,75
Allow Including Culture,6
Seem Mention Fear,95
Nature Minute Company,49
Weight Clear Try,45
Blue That Bed,66
Arm Service Across,90
Power Western List,32
Although Single Man,75
Executive Reflect Together,60
Similar Everybody Issue,71
Minute Message Employee,81
She Guess Part,58
Left Unit Husband,0
Modern Red Government,42
Hard Information Language,60
Budget Perhaps Little,62
Military Think Poor,35
Fire Style Participant,73
Support If Mrs,38
Wide Pay Stand,14
Body Off Drop,71
Sport Religious Keep,67
Not Economy Hour,38
Relationship High Quality,29
Important Throughout Finally,12
Possible News Ahead,97
Discover Fine Camera,89
Understand Start Hospital,36
Painting Across Continue,95
News Mr Central,43
Cultural Rather Wind,10
Also Order About,4
Support Window Ahead,17
Keep Degree Determine,26
Several Executive List,73
Believe Down Yard,23
Wide Seat Water,94
Establish About Around,1
Century Thought Serve,83
Listen Local Face,19
Half Member By,80
Thought Bar Ball,64
Mean Mission Stay,97
Scientist Eat Purpose,21
Most Blue White,71
Carry Position Power,64
Popular Organization Past,89
Idea Chair Vote,48
Institution Occur Yet,3
Remember Security Alone,74
Board Today Former,52
Finish Edge Republican,51
State Open Citizen,60
Score Sort Six,20
Fact Soon Matter,36
Able Point Deep,22
Body Decade Agency,73
Model So Condition,78
General Very Out,4
Return Maintain Maintain,58
No Suddenly He,60
Believe Matter Fly,91
Discussion How Per,97
Behind This Summer,27
Lot Left Stand,14
Billion Family Size,91
Decision Term Debate,84
Their Medical Crime,7
Speech Real Across,12
Choose Send Many,74
Activity Summer Available,16
Then Young Bank,35
Cover Son Indeed,38
Instead Two Phone,81
Policy Garden Visit,39
Sport Since Cup,73
Middle Score Wall,75
Run Song Information,53
Offer Follow Until,24
Image Suggest Store,7
Republican Life Story,26
Truth Situation Bit,59
Piece Him Maintain,1
Material Under As,47
Mind Partner Left,40
Next Wall Without,83
Through Strong Wrong,57
Claim Should Someone,2
Collection Question Game,67
Sell Sure Pm,89
Moment Room Box,34
Long Improve Beat,33
Rule Hope Forget,83
Floor Compare Improve,33
Accept Network I,83
Charge Director Husband,47
Ask Hold Air,35
Kitchen Day Themselves,8
What Development Along,2
Property Office Collection,43
Able Represent Box,57
Able Range Concern,57
Enter Quickly Behavior,7
Baby Suggest Hit,80
Large Anyone Voice,84
Understand Mrs Similar,10
Sister Difference Already,4
Fall Result Student,19
Ball Choose Hundred,83
Specific It Value,40
From To Want,26
Us Speech Particular,48
Among Hand Least,56
Main Class Game,11
Firm Remember Information,32
Eye Yet Own,97
Kitchen While Drug,16
Him Discuss Thus,93
Attack Someone Short,71
Fight Goal Agent,9
Arm Off Visit,9
Four Fast Anyone,81
Leader Alone Matter,36
Wife Allow Number,2
Purpose Also Central,6
Defense Majority Medical,38
Let Area Think,90
Report Director Represent,1
Around Within Expect,51
Report Wife Since,28
Building If According,83
Television Research Usually,97
Thank Someone Program,76
Time On Thought,75
Beyond Which Ahead,34
Rather Executive Personal,67
Husband Certain Tend,28
Much Improve Performance,90
Which Lay Hit,30
Effect Less Top,68
Huge Then Early,13
Might Subject We,43
If Environment Standard,62
Condition Follow Reality,80
At Think Others,46
Fast Street Enjoy,39
Model Strong After,87
Hold Seem Medical,59
Market Miss Culture,52
Adult Four Out,8
Medical Set Small,18
Area Forward Whom,11
Hear Store Avoid,76
Establish Action Per,62
Sort Stuff Imagine,35
Region Environmental Seat,65
First Ten Budget,63
Doctor Approach Article,9
Money I Tell,63
Family Year Claim,29
Book Church His,21
Picture Free Season,64
Not Relationship Sell,66
Pressure Long Imagine,39
Member Catch Paper,9
Else Environment Customer,1
Allow Approach Fill,63
Try Event Piece,40
Positive From Commercial,93
Forget Certainly Foreign,83
Example Daughter Nothing,75
Course Audience Care,23
Southern End Grow,72
Whether Mouth Couple,68
Him My Type,60
Oil Technology Gun,31
Charge Plan Friend,79
Institution Of Care,37
Short Traditional Eight,60
Between Factor Five,44
Out Shake Need,57
Activity Not Board,51
Trial Year Person,69
Writer Thought People,85
Form There Power,0
Hope Door Up,0
Gas Production Strong,27
System Receive What,70
Center Paper No,49
Similar Republican Hotel,75
Artist Ask Example,12
Perform Agree Account,68
Least Help Program,93
Any Hear Party,6
Magazine Final Fall,10
Suffer Guy Oil,77
Democrat Information Sort,47
Perform Mission Stop,23
Five Certainly Possible,49
Simply Every Choose,75
Determine Threat Include,83
Hundred Outside Shake,25
Ahead Arm Reach,25
Adult Too Option,22
Charge Party Leader,85
Break Far Life,90
Produce Physical Friend,75
Military Many Prevent,30
Involve Time Try,51
Market Front Offer,82
Eat Light Could,4
Place Party Fast,91
Product Instead Foot,10
Piece Model Ok,50
Environment Source Score,72
Animal Summer Again,23
Exist Before Act,98
Hold Pattern Nothing,41
Fine Stock Seven,68
Training Until Four,16
National Very Few,82
Budget Tonight Concern,27
Bar Effort Open,33
Every Oil Perform,35
Establish Standard Strategy,30
Never His Different,13
Film Husband Family,94
Share Box Key,2
Strategy Only Bed,29
Dog Win Firm,32
